{"flutter":{"platforms":{"android":{"default":{"projectId":"pasien-b76d3","appId":"1:1013781944564:android:b8f0b65e384fe46de566a1","fileOutput":"android/app/google-services.json"}},"dart":{"lib/firebase_options.dart":{"projectId":"pasien-b76d3","configurations":{"android":"1:1013781944564:android:b8f0b65e384fe46de566a1","ios":"1:1013781944564:ios:180e134327f04fb9e566a1","macos":"1:1013781944564:ios:180e134327f04fb9e566a1","web":"1:1013781944564:web:5fc42bf69d26222ee566a1","windows":"1:1013781944564:web:47ef82d8c40b36c0e566a1"}}}}}}